"","taxa","Imp","microbe_id","kingdom","phylum","class","order","family","genus","gram_stain","gram_stain_citation","microbiome_location","microbiome_location_citation","antimicrobial_susceptibility","antimicrobial_susceptibility_citation","optimal_temperature","optimal_temperature_citation","extreme_environment","extreme_environment_citation","biofilm_forming","biofilm_forming_citation","optimal_ph","optimal_ph_citation","animal_pathogen","animal_pathogen_citation","spore_forming","spore_forming_citation","pathogenicity","pathogenicity_citation","plant_pathogen","plant_pathogen_citation"
"20","Bradyrhizobium.sp..BTAi1",0.0464791575659995,NA,NA,NA,NA,NA,NA,NA,NA,NA,NA,NA,NA,NA,NA,NA,NA,NA,NA,NA,NA,NA,NA,NA,NA,NA,NA,NA,NA,NA
"47","Cupriavidus.metallidurans",0.0415668726060509,2584,"Bacteria","Proteobacteria","Betaproteobacteria","Burkholderiales","Burkholderiaceae","Cupriavidus",0,NA,NA,NA,NA,NA,30,NA,0,NA,NA,NA,NA,NA,NA,NA,0,NA,NA,NA,NA,""
"14","Bacillus.subtilis",0.0325113816631682,1410,"Bacteria","Firmicutes","Bacilli","Bacillales","Bacillaceae","Bacillus",1,NA,NA,NA,NA,NA,30,NA,0,NA,NA,NA,NA,NA,NA,NA,NA,NA,NA,NA,NA,""
"56","Enterococcus.faecalis",0.02645155585826,1729,"Bacteria","Firmicutes","Bacilli","Lactobacillales","Enterococcaceae","Enterococcus",1,NA,0,NA,0,NA,NA,NA,NA,NA,1,NA,NA,NA,1,NA,NA,NA,2,NA,0,""
"25","Bradyrhizobium.sp..SK17",0.0229277305074878,NA,NA,NA,NA,NA,NA,NA,NA,NA,NA,NA,NA,NA,NA,NA,NA,NA,NA,NA,NA,NA,NA,NA,NA,NA,NA,NA,NA,NA
"100","Listeria.monocytogenes",0.0194094911020122,5073,"Bacteria","Firmicutes","Bacilli","Bacillales","Listeriaceae","Listeria",NA,NA,1,NA,NA,NA,37,NA,0,NA,1,NA,NA,NA,1,NA,0,NA,NA,NA,0,""
"36","Carnobacterium.inhibens",0.0193889230994615,NA,NA,NA,NA,NA,NA,NA,NA,NA,NA,NA,NA,NA,NA,NA,NA,NA,NA,NA,NA,NA,NA,NA,NA,NA,NA,NA,NA,NA
"170","Salmonella.enterica",0.0188388834239035,4114,"Bacteria","Proteobacteria","Gammaproteobacteria","Enterobacteriales","Enterobacteriaceae","Salmonella",0,NA,1,NA,NA,NA,NA,NA,0,NA,NA,NA,NA,NA,1,NA,0,NA,2,NA,0,""
"24","Bradyrhizobium.sp..S23321",0.0172469127445226,NA,NA,NA,NA,NA,NA,NA,NA,NA,NA,NA,NA,NA,NA,NA,NA,NA,NA,NA,NA,NA,NA,NA,NA,NA,NA,NA,NA,NA
"157","Ralstonia.pickettii",0.0169939253124577,6775,"Bacteria","Proteobacteria","Betaproteobacteria","Burkholderiales","Burkholderiaceae","Ralstonia",0,NA,0,NA,1,NA,30,NA,0,NA,1,NA,6.8,NA,0,NA,0,NA,2,NA,0,""
"68","Gordonia.bronchialis",0.0168481925022829,7066,"Bacteria","Actinobacteria","Actinobacteria","Actinomycetales","Gordoniaceae","Gordonia",1,NA,0,NA,1,NA,NA,NA,0,NA,NA,NA,NA,NA,0,NA,NA,NA,2,NA,0,""
"150","Pseudomonas.stutzeri",0.0161032918108204,2053,"Bacteria","Proteobacteria","Gammaproteobacteria","Pseudomonadales","Pseudomonadaceae","Pseudomonas",0,NA,0,NA,NA,NA,NA,NA,0,NA,NA,NA,NA,NA,0,NA,0,NA,NA,NA,0,""
"145","Pseudomonas.fluorescens",0.0156614401097197,5491,"Bacteria","Proteobacteria","Gammaproteobacteria","Pseudomonadales","Pseudomonadaceae","Pseudomonas",0,NA,1,NA,1,NA,25,NA,1,NA,1,NA,7.5,NA,1,NA,0,NA,NA,NA,0,""
"51","Deinococcus.swuensis",0.0146700402869031,NA,NA,NA,NA,NA,NA,NA,NA,NA,NA,NA,NA,NA,NA,NA,NA,NA,NA,NA,NA,NA,NA,NA,NA,NA,NA,NA,NA,NA
"117","Microlunatus.phosphovorus",0.0144882071876498,5762,"Bacteria","Actinobacteria","Actinobacteria","Actinomycetales","Propionibacteriaceae","Microlunatus",0,NA,NA,NA,NA,NA,37,NA,0,NA,NA,NA,7,NA,NA,NA,NA,NA,NA,NA,NA,""
"15","Bradyrhizobium.diazoefficiens",0.0143581614381803,4943,"Bacteria","Proteobacteria","Alphaproteobacteria","Rhizobiales","Bradyrhizobiaceae","Bradyrhizobium",0,NA,0,NA,NA,NA,NA,NA,0,NA,NA,NA,NA,NA,0,NA,NA,NA,1,NA,0,""
"129","Pantoea.sp..PSNIH1",0.0143538617331409,NA,NA,NA,NA,NA,NA,NA,NA,NA,NA,NA,NA,NA,NA,NA,NA,NA,NA,NA,NA,NA,NA,NA,NA,NA,NA,NA,NA,NA
"99","Leuconostoc.mesenteroides",0.0142679970586331,6120,"Bacteria","Firmicutes","Bacilli","Lactobacillales","Leuconostocaceae","Leuconostoc",1,NA,NA,NA,NA,NA,NA,NA,1,NA,NA,NA,NA,NA,1,NA,1,NA,NA,NA,NA,""
"185","Streptococcus.oralis",0.0138301177303334,NA,NA,NA,NA,NA,NA,NA,NA,NA,NA,NA,NA,NA,NA,NA,NA,NA,NA,NA,NA,NA,NA,NA,NA,NA,NA,NA,NA,NA
"71","Gordonia.terrae",0.0130650672639863,1518,"Bacteria","Actinobacteria","Actinobacteria","Actinomycetales","Gordoniaceae","Gordonia",1,NA,0,NA,1,NA,NA,NA,0,NA,NA,NA,NA,NA,0,NA,NA,NA,NA,NA,0,""
"184","Streptococcus.mitis",0.0130043785955986,NA,NA,NA,NA,NA,NA,NA,NA,NA,NA,NA,NA,NA,NA,NA,NA,NA,NA,NA,NA,NA,NA,NA,NA,NA,NA,NA,NA,NA
"70","Gordonia.sp..KTR9",0.0128623999960549,NA,NA,NA,NA,NA,NA,NA,NA,NA,NA,NA,NA,NA,NA,NA,NA,NA,NA,NA,NA,NA,NA,NA,NA,NA,NA,NA,NA,NA
"128","Pantoea.agglomerans",0.0127454352621412,6024,"Bacteria","Proteobacteria","Gammaproteobacteria","Enterobacteriales","Enterobacteriaceae","Pantoea",NA,NA,0,NA,NA,NA,30,NA,0,NA,0,NA,NA,NA,0,NA,0,NA,NA,NA,0,""
"91","Lactobacillus.fermentum",0.012720221120978,7100,"Bacteria","Firmicutes","Bacilli","Lactobacillales","Lactobacillaceae","Lactobacillus",1,NA,1,NA,NA,NA,37,NA,1,NA,NA,NA,NA,NA,0,NA,0,NA,1,NA,0,""
"78","Janibacter.indicus",0.0126154211322027,NA,NA,NA,NA,NA,NA,NA,NA,NA,NA,NA,NA,NA,NA,NA,NA,NA,NA,NA,NA,NA,NA,NA,NA,NA,NA,NA,NA,NA
"90","Lactobacillus.delbrueckii",0.012487554703707,557,"Bacteria","Firmicutes","Bacilli","Lactobacillales","Lactobacillaceae","Lactobacillus",1,NA,1,NA,NA,NA,37,NA,NA,NA,NA,NA,NA,NA,NA,NA,NA,NA,NA,NA,NA,""
"52","Dermacoccus.nishinomiyaensis",0.0119018478283263,NA,NA,NA,NA,NA,NA,NA,NA,NA,NA,NA,NA,NA,NA,NA,NA,NA,NA,NA,NA,NA,NA,NA,NA,NA,NA,NA,NA,NA
"109","Methylobacterium.sp..C1",0.0117573616950083,NA,NA,NA,NA,NA,NA,NA,NA,NA,NA,NA,NA,NA,NA,NA,NA,NA,NA,NA,NA,NA,NA,NA,NA,NA,NA,NA,NA,NA
"7","Acinetobacter.schindleri",0.0117490873826853,1630,"Bacteria","Proteobacteria","Gammaproteobacteria","Pseudomonadales","Moraxellaceae","Acinetobacter",0,NA,0,NA,NA,NA,NA,NA,0,NA,NA,NA,NA,NA,0,NA,0,NA,NA,NA,0,""
"144","Pseudomonas.balearica",0.0115499287441339,NA,NA,NA,NA,NA,NA,NA,NA,NA,NA,NA,NA,NA,NA,NA,NA,NA,NA,NA,NA,NA,NA,NA,NA,NA,NA,NA,NA,NA
"160","Rhodococcus.fascians",0.0108874330304084,NA,NA,NA,NA,NA,NA,NA,NA,NA,NA,NA,NA,NA,NA,NA,NA,NA,NA,NA,NA,NA,NA,NA,NA,NA,NA,NA,NA,NA
"192","Thermothelomyces.thermophila",0.0108686338148117,NA,NA,NA,NA,NA,NA,NA,NA,NA,NA,NA,NA,NA,NA,NA,NA,NA,NA,NA,NA,NA,NA,NA,NA,NA,NA,NA,NA,NA
"39","Chroococcidiopsis.thermalis",0.0107685426880829,3453,"Bacteria","Cyanobacteria","Cyanobacteria noname","Pleurocapsales","Pleurocapsales noname","Chroococcidiopsis",0,NA,0,NA,NA,NA,NA,NA,1,NA,NA,NA,8,NA,NA,NA,0,NA,NA,NA,0,""
"79","Jeotgalibacillus.malaysiensis",0.010559661074513,NA,NA,NA,NA,NA,NA,NA,NA,NA,NA,NA,NA,NA,NA,NA,NA,NA,NA,NA,NA,NA,NA,NA,NA,NA,NA,NA,NA,NA
"27","Brevundimonas.sp..DS20",0.0104151186564417,NA,NA,NA,NA,NA,NA,NA,NA,NA,NA,NA,NA,NA,NA,NA,NA,NA,NA,NA,NA,NA,NA,NA,NA,NA,NA,NA,NA,NA
"21","Bradyrhizobium.sp..CCGE.LA001",0.0103673366064263,NA,NA,NA,NA,NA,NA,NA,NA,NA,NA,NA,NA,NA,NA,NA,NA,NA,NA,NA,NA,NA,NA,NA,NA,NA,NA,NA,NA,NA
"48","Cutibacterium.acnes",0.0103510095402917,NA,NA,NA,NA,NA,NA,NA,NA,NA,NA,NA,NA,NA,NA,NA,NA,NA,NA,NA,NA,NA,NA,NA,NA,NA,NA,NA,NA,NA
"163","Rhodococcus.sp..PBTS.2",0.00987995342991786,NA,NA,NA,NA,NA,NA,NA,NA,NA,NA,NA,NA,NA,NA,NA,NA,NA,NA,NA,NA,NA,NA,NA,NA,NA,NA,NA,NA,NA
"5","Acinetobacter.junii",0.00984462209916395,2792,"Bacteria","Proteobacteria","Gammaproteobacteria","Pseudomonadales","Moraxellaceae","Acinetobacter",0,NA,NA,NA,1,NA,NA,NA,0,NA,NA,NA,NA,NA,NA,NA,0,NA,2,NA,NA,""
"17","Bradyrhizobium.japonicum",0.00933432468154832,6134,"Bacteria","Proteobacteria","Alphaproteobacteria","Rhizobiales","Bradyrhizobiaceae","Bradyrhizobium",0,NA,0,NA,NA,NA,NA,NA,0,NA,NA,NA,7.2,NA,0,NA,NA,NA,1,NA,NA,""
"95","Leclercia.sp..LSNIH1",0.00932361763398608,NA,NA,NA,NA,NA,NA,NA,NA,NA,NA,NA,NA,NA,NA,NA,NA,NA,NA,NA,NA,NA,NA,NA,NA,NA,NA,NA,NA,NA
"147","Pseudomonas.koreensis",0.00929315567847825,NA,NA,NA,NA,NA,NA,NA,NA,NA,NA,NA,NA,NA,NA,NA,NA,NA,NA,NA,NA,NA,NA,NA,NA,NA,NA,NA,NA,NA
"42","Corynebacterium.kroppenstedtii",0.00920801308348736,5844,"Bacteria","Actinobacteria","Actinobacteria","Actinomycetales","Corynebacteriaceae","Corynebacterium",1,NA,1,NA,1,NA,NA,NA,0,NA,NA,NA,NA,NA,0,NA,NA,NA,NA,NA,0,""
"107","Methylobacterium.radiotolerans",0.00896464777000005,1322,"Bacteria","Proteobacteria","Alphaproteobacteria","Rhizobiales","Methylobacteriaceae","Methylobacterium",NA,NA,0,NA,0,NA,30,NA,0,NA,1,NA,7,NA,0,NA,0,NA,1,NA,1,""
"178","Staphylococcus.hominis",0.00863189149818585,1167,"Bacteria","Firmicutes","Bacilli","Bacillales","Staphylococcaceae","Staphylococcus",1,NA,1,NA,1,NA,34,NA,0,NA,1,NA,NA,NA,NA,NA,0,NA,2,NA,0,""
"85","Kocuria.rhizophila",0.00859559056770428,4415,"Bacteria","Actinobacteria","Actinobacteria","Actinomycetales","Micrococcaceae","Kocuria",1,NA,0,NA,1,NA,NA,NA,0,NA,0,NA,NA,NA,1,NA,NA,NA,1,NA,0,""
"38","Carnobacterium.sp..17.4",0.00858049511992552,NA,NA,NA,NA,NA,NA,NA,NA,NA,NA,NA,NA,NA,NA,NA,NA,NA,NA,NA,NA,NA,NA,NA,NA,NA,NA,NA,NA,NA
"40","Chryseobacterium.taklimakanense",0.00854167667515463,NA,NA,NA,NA,NA,NA,NA,NA,NA,NA,NA,NA,NA,NA,NA,NA,NA,NA,NA,NA,NA,NA,NA,NA,NA,NA,NA,NA,NA
"115","Microbacterium.sp..TPU.3598",0.00849749124317231,NA,NA,NA,NA,NA,NA,NA,NA,NA,NA,NA,NA,NA,NA,NA,NA,NA,NA,NA,NA,NA,NA,NA,NA,NA,NA,NA,NA,NA
"188","Streptococcus.thermophilus",0.0082945735846293,7016,"Bacteria","Firmicutes","Bacilli","Lactobacillales","Streptococcaceae","Streptococcus",1,NA,NA,NA,NA,NA,NA,NA,1,NA,NA,NA,NA,NA,0,NA,0,NA,NA,NA,0,""
"183","Streptococcus.gordonii",0.00828367782530229,7206,"Bacteria","Firmicutes","Bacilli","Lactobacillales","Streptococcaceae","Streptococcus",1,NA,1,NA,NA,NA,NA,NA,0,NA,1,NA,NA,NA,1,NA,NA,NA,NA,NA,0,""
"81","Klebsiella.quasipneumoniae",0.00822097472298271,NA,NA,NA,NA,NA,NA,NA,NA,NA,NA,NA,NA,NA,NA,NA,NA,NA,NA,NA,NA,NA,NA,NA,NA,NA,NA,NA,NA,NA
"198","Veillonella.parvula",0.00815606953684004,6624,"Bacteria","Firmicutes","Negativicutes","Selenomonadales","Veillonellaceae","Veillonella",0,NA,1,NA,1,NA,NA,NA,0,NA,1,NA,NA,NA,NA,NA,0,NA,2,NA,NA,""
"130","Pantoea.sp..PSNIH2",0.00812578944843619,NA,NA,NA,NA,NA,NA,NA,NA,NA,NA,NA,NA,NA,NA,NA,NA,NA,NA,NA,NA,NA,NA,NA,NA,NA,NA,NA,NA,NA
"186","Streptococcus.parasanguinis",0.00805444198297207,6325,"Bacteria","Firmicutes","Bacilli","Lactobacillales","Streptococcaceae","Streptococcus",1,NA,1,NA,1,NA,NA,NA,0,NA,1,NA,NA,NA,1,NA,NA,NA,NA,NA,0,""
"83","Kocuria.flava",0.00805284132194196,NA,NA,NA,NA,NA,NA,NA,NA,NA,NA,NA,NA,NA,NA,NA,NA,NA,NA,NA,NA,NA,NA,NA,NA,NA,NA,NA,NA,NA
"8","Acinetobacter.sp..LoGeW2.3",0.00803861668995116,NA,NA,NA,NA,NA,NA,NA,NA,NA,NA,NA,NA,NA,NA,NA,NA,NA,NA,NA,NA,NA,NA,NA,NA,NA,NA,NA,NA,NA
"50","Deinococcus.radiodurans",0.00802801945333322,2943,"Bacteria","Deinococcus Thermus","Deinococci","Deinococcales","Deinococcaceae","Deinococcus",0,NA,NA,NA,0,NA,33.5,NA,1,NA,NA,NA,NA,NA,0,NA,NA,NA,NA,NA,0,""
"35","Candida.dubliniensis",0.00800772769700273,5199,"Eukaryota","Ascomycota","Saccharomycetes","Saccharomycetales","Saccharomycetales noname","Candida",NA,NA,0,NA,0,NA,26,NA,0,NA,1,NA,NA,NA,0,NA,1,NA,NA,NA,0,""
"193","Thielavia.terrestris",0.00793447277174913,3888,"Eukaryota","Ascomycota","Sordariomycetes","Sordariales","Chaetomiaceae","Thielavia",NA,NA,0,NA,NA,NA,50,NA,1,NA,NA,NA,NA,NA,0,NA,1,NA,NA,NA,0,""
"19","Bradyrhizobium.sp.",0.00789326829779606,NA,NA,NA,NA,NA,NA,NA,NA,NA,NA,NA,NA,NA,NA,NA,NA,NA,NA,NA,NA,NA,NA,NA,NA,NA,NA,NA,NA,NA
"182","Stenotrophomonas.sp..LM091",0.00785148187517349,NA,NA,NA,NA,NA,NA,NA,NA,NA,NA,NA,NA,NA,NA,NA,NA,NA,NA,NA,NA,NA,NA,NA,NA,NA,NA,NA,NA,NA
"59","Erwinia.gerundensis",0.00765418545831094,NA,NA,NA,NA,NA,NA,NA,NA,NA,NA,NA,NA,NA,NA,NA,NA,NA,NA,NA,NA,NA,NA,NA,NA,NA,NA,NA,NA,NA
"173","Staphylococcus.aureus",0.00757013310566421,3705,"Bacteria","Firmicutes","Bacilli","Bacillales","Staphylococcaceae","Staphylococcus",1,NA,1,NA,1,NA,33.5,NA,0,NA,1,NA,6.5,NA,NA,NA,0,NA,2,NA,0,""
"57","Enterococcus.faecium",0.00747227119706514,1159,"Bacteria","Firmicutes","Bacilli","Lactobacillales","Enterococcaceae","Enterococcus",1,NA,1,NA,NA,NA,NA,NA,NA,NA,1,NA,NA,NA,1,NA,NA,NA,2,NA,0,""
"161","Rhodococcus.sp..B7740",0.00741781863438708,NA,NA,NA,NA,NA,NA,NA,NA,NA,NA,NA,NA,NA,NA,NA,NA,NA,NA,NA,NA,NA,NA,NA,NA,NA,NA,NA,NA,NA
"197","Variovorax.sp..PAMC.28711",0.00736478597203213,NA,NA,NA,NA,NA,NA,NA,NA,NA,NA,NA,NA,NA,NA,NA,NA,NA,NA,NA,NA,NA,NA,NA,NA,NA,NA,NA,NA,NA
"189","Tessaracoccus.flavus",0.00728926199610076,NA,NA,NA,NA,NA,NA,NA,NA,NA,NA,NA,NA,NA,NA,NA,NA,NA,NA,NA,NA,NA,NA,NA,NA,NA,NA,NA,NA,NA
"28","Brevundimonas.sp..GW460.12.10.14.LB2",0.00726155647922181,NA,NA,NA,NA,NA,NA,NA,NA,NA,NA,NA,NA,NA,NA,NA,NA,NA,NA,NA,NA,NA,NA,NA,NA,NA,NA,NA,NA,NA
"58","Erwinia.billingiae",0.00724127343374549,6495,"Bacteria","Proteobacteria","Gammaproteobacteria","Enterobacteriales","Enterobacteriaceae","Erwinia",0,NA,NA,NA,NA,NA,NA,NA,NA,NA,1,NA,NA,NA,NA,NA,0,NA,NA,NA,0,""
"116","Micrococcus.luteus",0.00685691645635552,24,"Bacteria","Actinobacteria","Actinobacteria","Actinomycetales","Micrococcaceae","Micrococcus",1,NA,1,NA,1,NA,37,NA,1,NA,1,NA,NA,NA,NA,NA,0,NA,1,NA,0,""
"120","Moraxella.osloensis",0.00671280744721509,NA,NA,NA,NA,NA,NA,NA,NA,NA,NA,NA,NA,NA,NA,NA,NA,NA,NA,NA,NA,NA,NA,NA,NA,NA,NA,NA,NA,NA
"29","Brevundimonas.sp..LM2",0.00668742348994094,NA,NA,NA,NA,NA,NA,NA,NA,NA,NA,NA,NA,NA,NA,NA,NA,NA,NA,NA,NA,NA,NA,NA,NA,NA,NA,NA,NA,NA
"49","Deinococcus.gobiensis",0.00667818928499995,3330,"Bacteria","Deinococcus Thermus","Deinococci","Deinococcales","Deinococcaceae","Deinococcus",1,NA,NA,NA,0,NA,NA,NA,1,NA,NA,NA,NA,NA,0,NA,NA,NA,NA,NA,0,""
"86","Kosakonia.cowanii",0.00660213645434772,NA,NA,NA,NA,NA,NA,NA,NA,NA,NA,NA,NA,NA,NA,NA,NA,NA,NA,NA,NA,NA,NA,NA,NA,NA,NA,NA,NA,NA
"105","Methylobacterium.phyllosphaerae",0.00655258153840177,NA,NA,NA,NA,NA,NA,NA,NA,NA,NA,NA,NA,NA,NA,NA,NA,NA,NA,NA,NA,NA,NA,NA,NA,NA,NA,NA,NA,NA
"194","Truepera.radiovictrix",0.00654767918695472,5754,"Bacteria","Deinococcus Thermus","Deinococci","Deinococcales","Trueperaceae","Truepera",1,NA,0,NA,0,NA,50,NA,1,NA,NA,NA,7.7,NA,0,NA,0,NA,NA,NA,0,""
"134","Paracoccus.yeei",0.0064845895497024,NA,NA,NA,NA,NA,NA,NA,NA,NA,NA,NA,NA,NA,NA,NA,NA,NA,NA,NA,NA,NA,NA,NA,NA,NA,NA,NA,NA,NA
"135","Paucibacter.sp..KCTC.42545",0.00634010314400568,NA,NA,NA,NA,NA,NA,NA,NA,NA,NA,NA,NA,NA,NA,NA,NA,NA,NA,NA,NA,NA,NA,NA,NA,NA,NA,NA,NA,NA
"55","Enterobacter.cloacae",0.00633297252406272,385,"Bacteria","Proteobacteria","Gammaproteobacteria","Enterobacteriales","Enterobacteriaceae","Enterobacter",0,NA,0,NA,1,NA,NA,NA,NA,NA,1,NA,7,NA,0,NA,0,NA,2,NA,1,""
"187","Streptococcus.salivarius",0.00631053895242888,650,"Bacteria","Firmicutes","Bacilli","Lactobacillales","Streptococcaceae","Streptococcus",NA,NA,1,NA,1,NA,37,NA,0,NA,NA,NA,NA,NA,NA,NA,0,NA,2,NA,0,""
"196","Variovorax.paradoxus",0.00617013708510635,1946,"Bacteria","Proteobacteria","Betaproteobacteria","Burkholderiales","Comamonadaceae","Variovorax",0,NA,0,NA,NA,NA,30,NA,NA,NA,1,NA,NA,NA,NA,NA,NA,NA,NA,NA,0,""
"190","Tessaracoccus.sp..T2.5.30",0.00613615883681956,NA,NA,NA,NA,NA,NA,NA,NA,NA,NA,NA,NA,NA,NA,NA,NA,NA,NA,NA,NA,NA,NA,NA,NA,NA,NA,NA,NA,NA
"3","Acinetobacter.haemolyticus",0.00613000983036323,5879,"Bacteria","Proteobacteria","Gammaproteobacteria","Pseudomonadales","Moraxellaceae","Acinetobacter",0,NA,NA,NA,NA,NA,28,NA,0,NA,NA,NA,NA,NA,NA,NA,0,NA,2,NA,NA,""
"63","Exiguobacterium.sp..AT1b",0.00599693861586953,NA,NA,NA,NA,NA,NA,NA,NA,NA,NA,NA,NA,NA,NA,NA,NA,NA,NA,NA,NA,NA,NA,NA,NA,NA,NA,NA,NA,NA
"162","Rhodococcus.sp..PBTS.1",0.00597808807873166,NA,NA,NA,NA,NA,NA,NA,NA,NA,NA,NA,NA,NA,NA,NA,NA,NA,NA,NA,NA,NA,NA,NA,NA,NA,NA,NA,NA,NA
"159","Rhodococcus.erythropolis",0.00595838919535248,3511,"Bacteria","Actinobacteria","Actinobacteria","Actinomycetales","Nocardiaceae","Rhodococcus",1,NA,1,NA,1,NA,20,NA,0,NA,1,NA,NA,NA,NA,NA,0,NA,2,NA,0,""
"10","Arsenicicoccus.sp..oral.taxon.190",0.00589913742770156,NA,NA,NA,NA,NA,NA,NA,NA,NA,NA,NA,NA,NA,NA,NA,NA,NA,NA,NA,NA,NA,NA,NA,NA,NA,NA,NA,NA,NA
"9","Acinetobacter.sp..NCu2D.2",0.0058576887291011,NA,NA,NA,NA,NA,NA,NA,NA,NA,NA,NA,NA,NA,NA,NA,NA,NA,NA,NA,NA,NA,NA,NA,NA,NA,NA,NA,NA,NA
"31","Brevundimonas.vesicularis",0.00584967202923834,NA,NA,NA,NA,NA,NA,NA,NA,NA,NA,NA,NA,NA,NA,NA,NA,NA,NA,NA,NA,NA,NA,NA,NA,NA,NA,NA,NA,NA
"200","Weissella.cibaria",0.00579215249266589,5105,"Bacteria","Firmicutes","Bacilli","Lactobacillales","Leuconostocaceae","Weissella",1,NA,1,NA,1,NA,NA,NA,1,NA,NA,NA,NA,NA,0,NA,0,NA,NA,NA,0,""
"138","Polaromonas.naphthalenivorans",0.00574922407624793,3923,"Bacteria","Proteobacteria","Betaproteobacteria","Burkholderiales","Comamonadaceae","Polaromonas",0,NA,0,NA,NA,NA,20,NA,0,NA,NA,NA,7.25,NA,0,NA,0,NA,NA,NA,0,""
"26","Brevundimonas.naejangsanensis",0.00572853848043472,NA,NA,NA,NA,NA,NA,NA,NA,NA,NA,NA,NA,NA,NA,NA,NA,NA,NA,NA,NA,NA,NA,NA,NA,NA,NA,NA,NA,NA
"137","Plautia.stali.symbiont",0.00568655774230273,6290,"Bacteria","Proteobacteria","Gammaproteobacteria","Enterobacteriales","Enterobacteriaceae","Enterobacteriaceae noname",NA,NA,NA,NA,NA,NA,NA,NA,1,NA,NA,NA,NA,NA,NA,NA,NA,NA,NA,NA,NA,""
"174","Staphylococcus.capitis",0.00562452008573751,NA,NA,NA,NA,NA,NA,NA,NA,NA,NA,NA,NA,NA,NA,NA,NA,NA,NA,NA,NA,NA,NA,NA,NA,NA,NA,NA,NA,NA
"167","Rothia.dentocariosa",0.00560889551523273,2273,"Bacteria","Actinobacteria","Actinobacteria","Actinomycetales","Micrococcaceae","Rothia",1,NA,1,NA,1,NA,37,NA,0,NA,NA,NA,6.75,NA,NA,NA,0,NA,2,NA,0,""
"113","Microbacterium.sp..CGR1",0.00552895943990881,NA,NA,NA,NA,NA,NA,NA,NA,NA,NA,NA,NA,NA,NA,NA,NA,NA,NA,NA,NA,NA,NA,NA,NA,NA,NA,NA,NA,NA
"111","Microbacterium.aurum",0.0055242486227588,NA,NA,NA,NA,NA,NA,NA,NA,NA,NA,NA,NA,NA,NA,NA,NA,NA,NA,NA,NA,NA,NA,NA,NA,NA,NA,NA,NA,NA
"82","Klebsiella.quasivariicola",0.0054991021958571,NA,NA,NA,NA,NA,NA,NA,NA,NA,NA,NA,NA,NA,NA,NA,NA,NA,NA,NA,NA,NA,NA,NA,NA,NA,NA,NA,NA,NA
"114","Microbacterium.sp..PAMC.28756",0.00545535862535356,NA,NA,NA,NA,NA,NA,NA,NA,NA,NA,NA,NA,NA,NA,NA,NA,NA,NA,NA,NA,NA,NA,NA,NA,NA,NA,NA,NA,NA
"44","Cronobacter.dublinensis",0.00540919166005577,1731,"Bacteria","Proteobacteria","Gammaproteobacteria","Enterobacteriales","Enterobacteriaceae","Cronobacter",0,NA,0,NA,1,NA,30,NA,0,NA,1,NA,NA,NA,1,NA,0,NA,2,NA,0,""
"175","Staphylococcus.epidermidis",0.00527512778266368,7095,"Bacteria","Firmicutes","Bacilli","Bacillales","Staphylococcaceae","Staphylococcus",1,NA,1,NA,1,NA,30,NA,0,NA,1,NA,NA,NA,NA,NA,0,NA,2,NA,0,""
"158","Rathayibacter.tritici",0.00526609741216156,NA,NA,NA,NA,NA,NA,NA,NA,NA,NA,NA,NA,NA,NA,NA,NA,NA,NA,NA,NA,NA,NA,NA,NA,NA,NA,NA,NA,NA
"122","Nakamurella.multipartita",0.00524637918612313,3017,"Bacteria","Actinobacteria","Actinobacteria","Actinomycetales","Nakamurellaceae","Nakamurella",1,NA,0,NA,NA,NA,25,NA,1,NA,NA,NA,7,NA,0,NA,0,NA,1,NA,0,""
"75","Hymenobacter.sp..PAMC.26554",0.0052459367871469,NA,NA,NA,NA,NA,NA,NA,NA,NA,NA,NA,NA,NA,NA,NA,NA,NA,NA,NA,NA,NA,NA,NA,NA,NA,NA,NA,NA,NA
"74","Hymenobacter.sp..APR13",0.00522999153492506,NA,NA,NA,NA,NA,NA,NA,NA,NA,NA,NA,NA,NA,NA,NA,NA,NA,NA,NA,NA,NA,NA,NA,NA,NA,NA,NA,NA,NA
"30","Brevundimonas.subvibrioides",0.00517602437059221,1335,"Bacteria","Proteobacteria","Alphaproteobacteria","Caulobacterales","Caulobacteraceae","Brevundimonas",0,NA,0,NA,1,NA,NA,NA,0,NA,NA,NA,7,NA,0,NA,NA,NA,NA,NA,0,""
"94","Lactococcus.lactis",0.00517127366351017,273,"Bacteria","Firmicutes","Bacilli","Lactobacillales","Streptococcaceae","Lactococcus",1,NA,0,NA,NA,NA,NA,NA,0,NA,NA,NA,6.6,NA,0,NA,0,NA,1,NA,0,""
"72","Human.mastadenovirus.C",0.00514901300995092,NA,NA,NA,NA,NA,NA,NA,NA,NA,NA,NA,NA,NA,NA,NA,NA,NA,NA,NA,NA,NA,NA,NA,NA,NA,NA,NA,NA,NA
"126","Nostoc.flagelliforme",0.00510319369616499,NA,NA,NA,NA,NA,NA,NA,NA,NA,NA,NA,NA,NA,NA,NA,NA,NA,NA,NA,NA,NA,NA,NA,NA,NA,NA,NA,NA,NA
"112","Microbacterium.sp..1.5R",0.00509938672717684,NA,NA,NA,NA,NA,NA,NA,NA,NA,NA,NA,NA,NA,NA,NA,NA,NA,NA,NA,NA,NA,NA,NA,NA,NA,NA,NA,NA,NA
"60","Erythrobacter.atlanticus",0.00507370974990206,NA,NA,NA,NA,NA,NA,NA,NA,NA,NA,NA,NA,NA,NA,NA,NA,NA,NA,NA,NA,NA,NA,NA,NA,NA,NA,NA,NA,NA
"165","Roseateles.depolymerans",0.00504868800882241,NA,NA,NA,NA,NA,NA,NA,NA,NA,NA,NA,NA,NA,NA,NA,NA,NA,NA,NA,NA,NA,NA,NA,NA,NA,NA,NA,NA,NA
"142","Pseudomonas.aeruginosa",0.00504300418033787,4921,"Bacteria","Proteobacteria","Gammaproteobacteria","Pseudomonadales","Pseudomonadaceae","Pseudomonas",0,NA,1,NA,0,NA,NA,NA,0,NA,1,NA,NA,NA,1,NA,0,NA,2,NA,1,""
"1","Acidovorax.sp..KKS102",0.00501308947321209,NA,NA,NA,NA,NA,NA,NA,NA,NA,NA,NA,NA,NA,NA,NA,NA,NA,NA,NA,NA,NA,NA,NA,NA,NA,NA,NA,NA,NA
"69","Gordonia.phage.Phinally",0.00500554529728102,NA,NA,NA,NA,NA,NA,NA,NA,NA,NA,NA,NA,NA,NA,NA,NA,NA,NA,NA,NA,NA,NA,NA,NA,NA,NA,NA,NA,NA
"34","Calothrix.sp..NIES.4071",0.0049832352506162,NA,NA,NA,NA,NA,NA,NA,NA,NA,NA,NA,NA,NA,NA,NA,NA,NA,NA,NA,NA,NA,NA,NA,NA,NA,NA,NA,NA,NA
"45","Cronobacter.turicensis",0.00498003687696486,7549,"Bacteria","Proteobacteria","Gammaproteobacteria","Enterobacteriales","Enterobacteriaceae","Cronobacter",0,NA,0,NA,1,NA,30,NA,0,NA,1,NA,NA,NA,1,NA,0,NA,2,NA,0,""
"172","Spirosoma.sp..HA7",0.0049572816762657,NA,NA,NA,NA,NA,NA,NA,NA,NA,NA,NA,NA,NA,NA,NA,NA,NA,NA,NA,NA,NA,NA,NA,NA,NA,NA,NA,NA,NA
"88","Lactobacillus.amylovorus",0.00491841546990039,4944,"Bacteria","Firmicutes","Bacilli","Lactobacillales","Lactobacillaceae","Lactobacillus",1,NA,0,NA,NA,NA,NA,NA,0,NA,NA,NA,NA,NA,0,NA,0,NA,NA,NA,0,""
"146","Pseudomonas.fragi",0.00489474268058918,602,"Bacteria","Proteobacteria","Gammaproteobacteria","Pseudomonadales","Pseudomonadaceae","Pseudomonas",0,NA,0,NA,1,NA,4,NA,1,NA,1,NA,NA,NA,0,NA,0,NA,NA,NA,0,""
"125","Nocardioides.sp..JS614",0.00488730065403612,NA,NA,NA,NA,NA,NA,NA,NA,NA,NA,NA,NA,NA,NA,NA,NA,NA,NA,NA,NA,NA,NA,NA,NA,NA,NA,NA,NA,NA
"143","Pseudomonas.azotoformans",0.00488528956365627,NA,NA,NA,NA,NA,NA,NA,NA,NA,NA,NA,NA,NA,NA,NA,NA,NA,NA,NA,NA,NA,NA,NA,NA,NA,NA,NA,NA,NA
"41","Clavibacter.michiganensis",0.00484732155362703,5687,"Bacteria","Actinobacteria","Actinobacteria","Actinomycetales","Microbacteriaceae","Clavibacter",1,NA,0,NA,NA,NA,25,NA,0,NA,NA,NA,NA,NA,0,NA,0,NA,1,NA,1,""
"4","Acinetobacter.johnsonii",0.00478532634310624,3280,"Bacteria","Proteobacteria","Gammaproteobacteria","Pseudomonadales","Moraxellaceae","Acinetobacter",0,NA,NA,NA,1,NA,26,NA,0,NA,NA,NA,NA,NA,NA,NA,0,NA,2,NA,NA,""
"171","Sphingomonas.melonis",0.0047532859307522,5436,"Bacteria","Proteobacteria","Alphaproteobacteria","Sphingomonadales","Sphingomonadaceae","Sphingomonas",0,NA,NA,NA,0,NA,NA,NA,0,NA,0,NA,NA,NA,0,NA,NA,NA,NA,NA,1,""
"169","Saccharomyces.cerevisiae",0.00467290554317188,5412,"Eukaryota","Ascomycota","Saccharomycetes","Saccharomycetales","Saccharomycetaceae","Saccharomyces",NA,NA,NA,NA,NA,NA,32.5,NA,NA,NA,1,NA,NA,NA,NA,NA,1,NA,NA,NA,0,""
"123","Nocardioides.dokdonensis",0.00459229419690255,NA,NA,NA,NA,NA,NA,NA,NA,NA,NA,NA,NA,NA,NA,NA,NA,NA,NA,NA,NA,NA,NA,NA,NA,NA,NA,NA,NA,NA
"124","Nocardioides.sp..78",0.00458550157485731,NA,NA,NA,NA,NA,NA,NA,NA,NA,NA,NA,NA,NA,NA,NA,NA,NA,NA,NA,NA,NA,NA,NA,NA,NA,NA,NA,NA,NA
"54","Enterobacter.asburiae",0.00456134585448851,1718,"Bacteria","Proteobacteria","Gammaproteobacteria","Enterobacteriales","Enterobacteriaceae","Enterobacter",0,NA,1,NA,1,NA,NA,NA,NA,NA,NA,NA,3.5,NA,0,NA,0,NA,2,NA,1,""
"65","Gardnerella.vaginalis",0.00452392440933532,6347,"Bacteria","Actinobacteria","Actinobacteria","Bifidobacteriales","Bifidobacteriaceae","Gardnerella",2,NA,1,NA,NA,NA,37,NA,NA,NA,1,NA,11,NA,1,NA,0,NA,2,NA,0,""
"156","Ralstonia.insidiosa",0.00452040726861894,NA,NA,NA,NA,NA,NA,NA,NA,NA,NA,NA,NA,NA,NA,NA,NA,NA,NA,NA,NA,NA,NA,NA,NA,NA,NA,NA,NA,NA
"132","Paracoccus.aminovorans",0.00444705274052501,NA,NA,NA,NA,NA,NA,NA,NA,NA,NA,NA,NA,NA,NA,NA,NA,NA,NA,NA,NA,NA,NA,NA,NA,NA,NA,NA,NA,NA
"148","Pseudomonas.pseudoalcaligenes",0.00441182653773654,5518,"Bacteria","Proteobacteria","Gammaproteobacteria","Pseudomonadales","Pseudomonadaceae","Pseudomonas",0,NA,NA,NA,NA,NA,NA,NA,NA,NA,1,NA,NA,NA,NA,NA,NA,NA,2,NA,NA,""
"13","Auricoccus.indicus",0.00438413424985031,NA,NA,NA,NA,NA,NA,NA,NA,NA,NA,NA,NA,NA,NA,NA,NA,NA,NA,NA,NA,NA,NA,NA,NA,NA,NA,NA,NA,NA
"101","Massilia.sp..B2",0.00435969200282922,NA,NA,NA,NA,NA,NA,NA,NA,NA,NA,NA,NA,NA,NA,NA,NA,NA,NA,NA,NA,NA,NA,NA,NA,NA,NA,NA,NA,NA
"96","Leishmania.major",0.00435611637615141,4538,"Eukaryota","Eukaryota noname","Eukaryota noname","Kinetoplastida","Trypanosomatidae","Leishmania",NA,NA,0,NA,1,NA,NA,NA,0,NA,NA,NA,NA,NA,0,NA,0,NA,NA,NA,0,""
"131","Pantoea.vagans",0.00430141633788484,7603,"Bacteria","Proteobacteria","Gammaproteobacteria","Enterobacteriales","Enterobacteriaceae","Pantoea",0,NA,NA,NA,1,NA,NA,NA,0,NA,NA,NA,NA,NA,NA,NA,0,NA,NA,NA,1,""
"166","Roseomonas.sp..FDAARGOS_362",0.00428005068157491,NA,NA,NA,NA,NA,NA,NA,NA,NA,NA,NA,NA,NA,NA,NA,NA,NA,NA,NA,NA,NA,NA,NA,NA,NA,NA,NA,NA,NA
"103","Methylobacterium.extorquens",0.00427919759849944,5167,"Bacteria","Proteobacteria","Alphaproteobacteria","Rhizobiales","Methylobacteriaceae","Methylobacterium",NA,NA,0,NA,0,NA,30,NA,0,NA,1,NA,7,NA,0,NA,0,NA,1,NA,1,""
"133","Paracoccus.contaminans",0.00427416734678303,NA,NA,NA,NA,NA,NA,NA,NA,NA,NA,NA,NA,NA,NA,NA,NA,NA,NA,NA,NA,NA,NA,NA,NA,NA,NA,NA,NA,NA
"64","Fusobacterium.nucleatum",0.00427040512635021,1476,"Bacteria","Fusobacteria","Fusobacteriia","Fusobacteriales","Fusobacteriaceae","Fusobacterium",0,NA,1,NA,1,NA,30,NA,0,NA,1,NA,7,NA,1,NA,0,NA,2,NA,0,""
"139","Propionibacterium.sp..oral.taxon.193",0.00426174260076922,NA,NA,NA,NA,NA,NA,NA,NA,NA,NA,NA,NA,NA,NA,NA,NA,NA,NA,NA,NA,NA,NA,NA,NA,NA,NA,NA,NA,NA
"140","Propionibacterium.virus.Pirate",0.00420909770762954,NA,NA,NA,NA,NA,NA,NA,NA,NA,NA,NA,NA,NA,NA,NA,NA,NA,NA,NA,NA,NA,NA,NA,NA,NA,NA,NA,NA,NA
"118","Mitsuaria.sp..7",0.00418373721919534,NA,NA,NA,NA,NA,NA,NA,NA,NA,NA,NA,NA,NA,NA,NA,NA,NA,NA,NA,NA,NA,NA,NA,NA,NA,NA,NA,NA,NA
"106","Methylobacterium.populi",0.00417853775930015,7311,"Bacteria","Proteobacteria","Alphaproteobacteria","Rhizobiales","Methylobacteriaceae","Methylobacterium",NA,NA,0,NA,0,NA,30,NA,0,NA,1,NA,7,NA,0,NA,0,NA,1,NA,1,""
"43","Corynebacterium.ureicelerivorans",0.00412560764410708,NA,NA,NA,NA,NA,NA,NA,NA,NA,NA,NA,NA,NA,NA,NA,NA,NA,NA,NA,NA,NA,NA,NA,NA,NA,NA,NA,NA,NA
"92","Lactobacillus.reuteri",0.00412258423672832,2555,"Bacteria","Firmicutes","Bacilli","Lactobacillales","Lactobacillaceae","Lactobacillus",1,NA,NA,NA,NA,NA,NA,NA,0,NA,1,NA,NA,NA,NA,NA,0,NA,NA,NA,NA,""
"77","Hymenobacter.swuensis",0.00406128597834794,NA,NA,NA,NA,NA,NA,NA,NA,NA,NA,NA,NA,NA,NA,NA,NA,NA,NA,NA,NA,NA,NA,NA,NA,NA,NA,NA,NA,NA
"66","Geodermatophilus.obscurus",0.0040600921154263,3906,"Bacteria","Actinobacteria","Actinobacteria","Actinomycetales","Geodermatophilaceae","Geodermatophilus",1,NA,0,NA,NA,NA,NA,NA,NA,NA,NA,NA,NA,NA,0,NA,1,NA,1,NA,0,""
"73","Hymenobacter.sedentarius",0.00403666787694037,NA,NA,NA,NA,NA,NA,NA,NA,NA,NA,NA,NA,NA,NA,NA,NA,NA,NA,NA,NA,NA,NA,NA,NA,NA,NA,NA,NA,NA
"2","Acinetobacter.baumannii",0.00400811291650614,5154,"Bacteria","Proteobacteria","Gammaproteobacteria","Pseudomonadales","Moraxellaceae","Acinetobacter",0,NA,1,NA,NA,NA,NA,NA,0,NA,NA,NA,NA,NA,1,NA,0,NA,2,NA,0,""
"6","Acinetobacter.pittii",0.00400164227225156,NA,NA,NA,NA,NA,NA,NA,NA,NA,NA,NA,NA,NA,NA,NA,NA,NA,NA,NA,NA,NA,NA,NA,NA,NA,NA,NA,NA,NA
"11","Arthrobacter.crystallopoietes",0.00399954152202933,1948,"Bacteria","Actinobacteria","Actinobacteria","Actinomycetales","Micrococcaceae","Arthrobacter",1,NA,NA,NA,NA,NA,NA,NA,0,NA,NA,NA,NA,NA,0,NA,NA,NA,2,NA,0,""
"127","Oscillatoria.nigro.viridis",0.00398513506886343,1154,"Bacteria","Cyanobacteria","Cyanobacteria noname","Oscillatoriales","Oscillatoriales noname","Oscillatoria",0,NA,0,NA,0,NA,NA,NA,NA,NA,NA,NA,NA,NA,0,NA,NA,NA,NA,NA,0,""
"154","Psychrobacter.sp..DAB_AL43B",0.00388547429424913,NA,NA,NA,NA,NA,NA,NA,NA,NA,NA,NA,NA,NA,NA,NA,NA,NA,NA,NA,NA,NA,NA,NA,NA,NA,NA,NA,NA,NA
"119","Modestobacter.marinus",0.00382987805174021,NA,NA,NA,NA,NA,NA,NA,NA,NA,NA,NA,NA,NA,NA,NA,NA,NA,NA,NA,NA,NA,NA,NA,NA,NA,NA,NA,NA,NA
"168","Rubrobacter.xylanophilus",0.00382568720662409,6253,"Bacteria","Actinobacteria","Actinobacteria","Rubrobacterales","Rubrobacteraceae","Rubrobacter",1,NA,0,NA,0,NA,60,NA,1,NA,1,NA,7.75,NA,0,NA,0,NA,NA,NA,0,""
"104","Methylobacterium.oryzae",0.00380524169847826,NA,NA,NA,NA,NA,NA,NA,NA,NA,NA,NA,NA,NA,NA,NA,NA,NA,NA,NA,NA,NA,NA,NA,NA,NA,NA,NA,NA,NA
"61","Escherichia.coli",0.00380007896085383,3830,"Bacteria","Proteobacteria","Gammaproteobacteria","Enterobacteriales","Enterobacteriaceae","Escherichia",0,NA,1,NA,1,NA,37,NA,1,NA,NA,NA,6.75,NA,0,NA,0,NA,2,NA,0,""
"87","Kytococcus.sedentarius",0.00375853897246487,5259,"Bacteria","Actinobacteria","Actinobacteria","Actinomycetales","Dermacoccaceae","Kytococcus",1,NA,1,NA,NA,NA,31,NA,0,NA,NA,NA,NA,NA,0,NA,NA,NA,1,NA,0,""
"102","Massilia.sp..WG5",0.00374286858567616,NA,NA,NA,NA,NA,NA,NA,NA,NA,NA,NA,NA,NA,NA,NA,NA,NA,NA,NA,NA,NA,NA,NA,NA,NA,NA,NA,NA,NA
"149","Pseudomonas.rhizosphaerae",0.00373767738712696,NA,NA,NA,NA,NA,NA,NA,NA,NA,NA,NA,NA,NA,NA,NA,NA,NA,NA,NA,NA,NA,NA,NA,NA,NA,NA,NA,NA,NA
"121","Mycobacterium.sp..QIA.37",0.00368807615796339,NA,NA,NA,NA,NA,NA,NA,NA,NA,NA,NA,NA,NA,NA,NA,NA,NA,NA,NA,NA,NA,NA,NA,NA,NA,NA,NA,NA,NA
"195","Tsukamurella.sp..MH1",0.00365247168362527,NA,NA,NA,NA,NA,NA,NA,NA,NA,NA,NA,NA,NA,NA,NA,NA,NA,NA,NA,NA,NA,NA,NA,NA,NA,NA,NA,NA,NA
"76","Hymenobacter.sp..PAMC.26628",0.00356286907110187,NA,NA,NA,NA,NA,NA,NA,NA,NA,NA,NA,NA,NA,NA,NA,NA,NA,NA,NA,NA,NA,NA,NA,NA,NA,NA,NA,NA,NA
"177","Staphylococcus.haemolyticus",0.00355730252543005,4556,"Bacteria","Firmicutes","Bacilli","Bacillales","Staphylococcaceae","Staphylococcus",1,NA,1,NA,1,NA,35,NA,0,NA,1,NA,NA,NA,NA,NA,0,NA,2,NA,0,""
"155","Psychrobacter.sp..G",0.00355396772336021,NA,NA,NA,NA,NA,NA,NA,NA,NA,NA,NA,NA,NA,NA,NA,NA,NA,NA,NA,NA,NA,NA,NA,NA,NA,NA,NA,NA,NA
"152","Psychrobacter.arcticus",0.00352078908102819,2730,"Bacteria","Proteobacteria","Gammaproteobacteria","Pseudomonadales","Moraxellaceae","Psychrobacter",0,NA,0,NA,NA,NA,-10,NA,1,NA,1,NA,NA,NA,0,NA,NA,NA,NA,NA,0,""
"12","Arthrobacter.sp..U41",0.00343415353823923,NA,NA,NA,NA,NA,NA,NA,NA,NA,NA,NA,NA,NA,NA,NA,NA,NA,NA,NA,NA,NA,NA,NA,NA,NA,NA,NA,NA,NA
"136","Pimelobacter.simplex",0.00342644160550523,NA,NA,NA,NA,NA,NA,NA,NA,NA,NA,NA,NA,NA,NA,NA,NA,NA,NA,NA,NA,NA,NA,NA,NA,NA,NA,NA,NA,NA
"33","Burkholderia.contaminans",0.00333195367766715,NA,NA,NA,NA,NA,NA,NA,NA,NA,NA,NA,NA,NA,NA,NA,NA,NA,NA,NA,NA,NA,NA,NA,NA,NA,NA,NA,NA,NA
"108","Methylobacterium.sp..AMS5",0.00330243963269363,NA,NA,NA,NA,NA,NA,NA,NA,NA,NA,NA,NA,NA,NA,NA,NA,NA,NA,NA,NA,NA,NA,NA,NA,NA,NA,NA,NA,NA
"80","Klebsiella.pneumoniae",0.00327732269453829,6516,"Bacteria","Proteobacteria","Gammaproteobacteria","Enterobacteriales","Enterobacteriaceae","Klebsiella",0,NA,1,NA,1,NA,37,NA,0,NA,1,NA,NA,NA,1,NA,0,NA,2,NA,NA,""
"164","Rhodococcus.sp..YL.1",0.00321005124244238,NA,NA,NA,NA,NA,NA,NA,NA,NA,NA,NA,NA,NA,NA,NA,NA,NA,NA,NA,NA,NA,NA,NA,NA,NA,NA,NA,NA,NA
"153","Psychrobacter.cryohalolentis",0.00320276384277731,7434,"Bacteria","Proteobacteria","Gammaproteobacteria","Pseudomonadales","Moraxellaceae","Psychrobacter",0,NA,0,NA,NA,NA,35,NA,1,NA,1,NA,8.5,NA,0,NA,0,NA,NA,NA,0,""
"110","Methylocystis.bryophila",0.00319787158763813,NA,NA,NA,NA,NA,NA,NA,NA,NA,NA,NA,NA,NA,NA,NA,NA,NA,NA,NA,NA,NA,NA,NA,NA,NA,NA,NA,NA,NA
"89","Lactobacillus.curvatus",0.00314979163191113,6512,"Bacteria","Firmicutes","Bacilli","Lactobacillales","Lactobacillaceae","Lactobacillus",1,NA,NA,NA,NA,NA,37,NA,NA,NA,NA,NA,NA,NA,NA,NA,NA,NA,NA,NA,NA,""
"84","Kocuria.palustris",0.00313448931006763,NA,NA,NA,NA,NA,NA,NA,NA,NA,NA,NA,NA,NA,NA,NA,NA,NA,NA,NA,NA,NA,NA,NA,NA,NA,NA,NA,NA,NA
"93","Lactobacillus.sakei",0.00309390439834064,4908,"Bacteria","Firmicutes","Bacilli","Lactobacillales","Lactobacillaceae","Lactobacillus",1,NA,0,NA,NA,NA,NA,NA,1,NA,NA,NA,NA,NA,NA,NA,NA,NA,NA,NA,NA,""
"32","Buchnera.aphidicola",0.00309204869675431,4141,"Bacteria","Proteobacteria","Gammaproteobacteria","Enterobacteriales","Enterobacteriaceae","Buchnera",0,NA,NA,NA,NA,NA,NA,NA,NA,NA,NA,NA,NA,NA,NA,NA,NA,NA,NA,NA,NA,""
"18","Bradyrhizobium.oligotrophicum",0.00304097142958153,3794,"Bacteria","Proteobacteria","Alphaproteobacteria","Rhizobiales","Bradyrhizobiaceae","Bradyrhizobium",0,NA,0,NA,NA,NA,NA,NA,0,NA,NA,NA,NA,NA,0,NA,NA,NA,1,NA,NA,""
"97","Leuconostoc.carnosum",0.00299027646461106,1586,"Bacteria","Firmicutes","Bacilli","Lactobacillales","Leuconostocaceae","Leuconostoc",1,NA,0,NA,NA,NA,NA,NA,1,NA,NA,NA,NA,NA,0,NA,NA,NA,NA,NA,0,""
"141","Pseudarthrobacter.chlorophenolicus",0.0029479718822638,NA,NA,NA,NA,NA,NA,NA,NA,NA,NA,NA,NA,NA,NA,NA,NA,NA,NA,NA,NA,NA,NA,NA,NA,NA,NA,NA,NA,NA
"23","Bradyrhizobium.sp..ORS.285",0.00278281543767119,NA,NA,NA,NA,NA,NA,NA,NA,NA,NA,NA,NA,NA,NA,NA,NA,NA,NA,NA,NA,NA,NA,NA,NA,NA,NA,NA,NA,NA
"62","Exiguobacterium.sibiricum",0.0027586363312073,2351,"Bacteria","Firmicutes","Bacilli","Bacillales","Bacillales noname","Exiguobacterium",NA,NA,NA,NA,NA,NA,NA,NA,NA,NA,NA,NA,NA,NA,NA,NA,NA,NA,NA,NA,NA,""
"46","Cupriavidus.basilensis",0.00272841797630852,4417,"Bacteria","Proteobacteria","Betaproteobacteria","Burkholderiales","Burkholderiaceae","Cupriavidus",0,NA,NA,NA,NA,NA,30,NA,NA,NA,NA,NA,7.3,NA,NA,NA,NA,NA,NA,NA,NA,""
"53","Dietzia.timorensis",0.00272495742387802,NA,NA,NA,NA,NA,NA,NA,NA,NA,NA,NA,NA,NA,NA,NA,NA,NA,NA,NA,NA,NA,NA,NA,NA,NA,NA,NA,NA,NA
"180","Staphylococcus.saprophyticus",0.00272230527236996,1537,"Bacteria","Firmicutes","Bacilli","Bacillales","Staphylococcaceae","Staphylococcus",1,NA,1,NA,1,NA,NA,NA,0,NA,NA,NA,NA,NA,NA,NA,0,NA,2,NA,0,""
"179","Staphylococcus.pasteuri",0.00271571266819418,5289,"Bacteria","Firmicutes","Bacilli","Bacillales","Staphylococcaceae","Staphylococcus",1,NA,0,NA,1,NA,30,NA,0,NA,NA,NA,NA,NA,NA,NA,0,NA,2,NA,0,""
"16","Bradyrhizobium.icense",0.00265848645074234,NA,NA,NA,NA,NA,NA,NA,NA,NA,NA,NA,NA,NA,NA,NA,NA,NA,NA,NA,NA,NA,NA,NA,NA,NA,NA,NA,NA,NA
"181","Staphylococcus.warneri",0.00256446152351646,840,"Bacteria","Firmicutes","Bacilli","Bacillales","Staphylococcaceae","Staphylococcus",NA,NA,1,NA,NA,NA,NA,NA,0,NA,NA,NA,NA,NA,0,NA,NA,NA,NA,NA,0,""
"37","Carnobacterium.maltaromaticum",0.00255733272089705,1912,"Bacteria","Firmicutes","Bacilli","Lactobacillales","Carnobacteriaceae","Carnobacterium",1,NA,1,NA,1,NA,NA,NA,0,NA,NA,NA,6.15,NA,1,NA,0,NA,2,NA,0,""
"176","Staphylococcus.equorum",0.00249362727269517,985,"Bacteria","Firmicutes","Bacilli","Bacillales","Staphylococcaceae","Staphylococcus",1,NA,0,NA,1,NA,30,NA,0,NA,NA,NA,NA,NA,NA,NA,0,NA,2,NA,0,""
"151","Psychrobacter.alimentarius",0.00227222142566505,NA,NA,NA,NA,NA,NA,NA,NA,NA,NA,NA,NA,NA,NA,NA,NA,NA,NA,NA,NA,NA,NA,NA,NA,NA,NA,NA,NA,NA
"199","Vitreoscilla.filiformis",0.00219751639040924,NA,NA,NA,NA,NA,NA,NA,NA,NA,NA,NA,NA,NA,NA,NA,NA,NA,NA,NA,NA,NA,NA,NA,NA,NA,NA,NA,NA,NA
"22","Bradyrhizobium.sp..ORS.278",0.00208809700805268,NA,NA,NA,NA,NA,NA,NA,NA,NA,NA,NA,NA,NA,NA,NA,NA,NA,NA,NA,NA,NA,NA,NA,NA,NA,NA,NA,NA,NA
"67","Glutamicibacter.arilaitensis",0.0020599057313913,NA,NA,NA,NA,NA,NA,NA,NA,NA,NA,NA,NA,NA,NA,NA,NA,NA,NA,NA,NA,NA,NA,NA,NA,NA,NA,NA,NA,NA
"98","Leuconostoc.gelidum",0.00190637775816382,4476,"Bacteria","Firmicutes","Bacilli","Lactobacillales","Leuconostocaceae","Leuconostoc",1,NA,NA,NA,NA,NA,NA,NA,0,NA,NA,NA,NA,NA,NA,NA,NA,NA,NA,NA,NA,""
"191","Theileria.orientalis",0.00181014699591848,NA,NA,NA,NA,NA,NA,NA,NA,NA,NA,NA,NA,NA,NA,NA,NA,NA,NA,NA,NA,NA,NA,NA,NA,NA,NA,NA,NA,NA
